score, tokens, count, source code
3.9068905956085187,2,15,} }
3.3219280948873626,2,10,c class
3.3219280948873626,2,10,public class
