score, tokens, count, source code
2.5121061286922615,3,3,= 0 ;
2.5121061286922615,3,3,for ( int
